,sentiment,sentiment,political,political,propaganda,propaganda
,corr,p,corr,p,corr,p
weat_5,0.7206282090003019,5.065267747276169e-08,0.632801161103048,4.82104328115508e-07,0.6879032258064517,1.899941433989235e-05
