,sentiment,sentiment,political,political,propaganda,propaganda
,corr,p,corr,p,corr,p
weat_5,0.772576260948354,1.2879816134661352e-09,0.6400228702115494,1.87919604443006e-07,0.6915106951871658,8.337774959031701e-06
